nombre,apellido,dni,email,telefono,fecha_amb
Juan,Gomez,20367894,juangomez1@hotmail.com,01123456789,2022-07-15T09:30:00
Maria,Lopez,30456789,mlopes2@gmail.com,01134567890,2023-04-20T14:45:00
Carlos,Martinez,40567891,carlosmartinez3@outlook.com,01145678901,2020-12-05T11:20:00
Laura,Rodriguez,50678912,laurarod4@live.com,01156789012,2021-09-18T08:10:00
Diego,Garcia,60789123,diegogarcia5@yahoo.com,01167890123,2024-02-29T16:55:00
Ana,Perez,70891234,anaperez6@hotmail.com,01178901234,2020-11-11T13:25:00
Martin,Fernandez,80912345,martinf7@gmail.com,01189012345,2023-06-07T10:05:00
Lucia,Diaz,90123456,luciad8@outlook.com,01190123456,2022-08-23T17:40:00
Pedro,Romero,10123467,pedror9@live.com,01101234567,2023-10-30T07:15:00
Andrea,Sanchez,11234568,andreas10@yahoo.com,01112345678,2024-04-14T12:35:00
Santiago,Alvarez,12345679,santialv11@hotmail.com,01123456789,2021-12-19T15:50:00
Valentina,Gutierrez,13456780,valeng12@gmail.com,01134567890,2022-05-03T09:00:00
Julieta,Ramos,14567891,julietar13@outlook.com,01145678901,2023-07-28T11:30:00
Matias,Hernandez,15678902,matiash14@live.com,01156789012,2024-01-09T08:20:00
Nicolas,Castro,16789023,nicolasc15@yahoo.com,01167890123,2020-10-15T16:10:00
